{"cameraMode":{"drawMode":0,"name":"Shaded","section":"Shading Mode"},"sceneLighting":false,"audioPlay":false,"sceneViewState":{"showFog":true,"showMaterialUpdate":false,"showSkybox":true,"showFlares":true,"showImageEffects":true,"showParticleSystems":true},"in2DMode":false,"pivot":{"x":7.120582580566406,"y":2.8101329803466799,"z":-11.173219680786133},"rotation":{"x":0.047973863780498508,"y":0.017978286370635034,"z":-0.0008636239799670875,"w":0.998686671257019},"size":1157.78515625,"orthographic":false}